<?xml version="1.0" encoding="UTF-8"?>
<Configuration status="WARN">
<!-- logging -->
<!-- message -->
<!-- where : appender -->
<!-- how pattern : layout -->
<!-- log message 전달자 : logger, event level, debug->info->warn->error->fatal -->
  <Appenders>
    <Console name="Console" target="SYSTEM_OUT">
      <PatternLayout pattern="%d{HH:mm:ss.SSS} [%t] %-5level %logger{36} - %msg%n"/>
    </Console>
  </Appenders>
  <Loggers>
  	<Logger name="org.springframework" level="info" additivity="false">
      <AppenderRef ref="Console"/>
    </Logger>
  	<Logger name="kr.or.ddit" level="info" additivity="false">
      <AppenderRef ref="Console"/>
    </Logger>
  	<Logger name="jdbc.sqltiming" level="debug" additivity="false">
      <AppenderRef ref="Console"/>
    </Logger>
  	<Logger name="jdbc.resultsettable" level="debug" additivity="false">
      <AppenderRef ref="Console"/>
    </Logger>
  	
    <Root level="error">
      <AppenderRef ref="Console"/>
    </Root>
  </Loggers>
</Configuration>